CourseCode,SectionId,LocationID,StartTime,EndTime
COP3502,COP3502-001,34,08:30,10:25
COP3502,COP3502-002,1034,09:35,10:25
COP3502,COP3502-003,41,15:00,15:50
COP3502,COP3502-004,1170,08:30,10:15
COP3503,COP3503-001,11,08:30,09:20
COP3503,COP3503-002,1009,09:35,11:20
COP3503,COP3503-003,7,12:50,13:40
COP3504,COP3504-001,1170,11:45,12:35
COP3504,COP3504-002,1129,12:50,13:40
COP3504,COP3504-003,2,16:05,16:55
COP3504,COP3504-004,1121,10:40,11:30
COT3100,COT3100-001,1009,16:05,16:55
COT3100,COT3100-002,32,08:30,09:25
COP3530,COP3530-001,1087,16:05,16:55
COP3530,COP3530-002,1028,16:05,16:55
CDA3101,CDA3101-001,1139,12:50,13:40
CDA3101,CDA3101-002,1092,08:30,10:15
CDA3101,CDA3101-003,1043,16:05,18:00
CDA3101,CDA3101-004,1088,12:50,13:40
MAC2311,MAC2311-001,23,08:30,10:25
MAC2311,MAC2311-002,1016,16:05,16:55
MAC2311,MAC2311-003,26,16:05,16:55
MAC2311,MAC2311-004,31,11:45,12:35
MAC2312,MAC2312-001,1089,09:35,10:25
MAC2312,MAC2312-002,1086,09:35,11:30
MAC2312,MAC2312-003,1030,15:00,16:55
MAC2313,MAC2313-001,24,12:50,14:45
MAC2313,MAC2313-002,50,12:50,14:45
MAC2313,MAC2313-003,1020,09:35,10:30
MAC2313,MAC2313-004,1093,10:40,12:35
MAP2302,MAP2302-001,1180,09:35,11:30
MAP2302,MAP2302-002,1068,16:05,16:55
MAP2302,MAP2302-003,1016,16:05,16:55
MAP2302,MAP2302-004,1061,11:45,12:35
PHY2048,PHY2048-001,1006,12:50,14:45
PHY2048,PHY2048-002,1061,09:35,11:30
PHY2049,PHY2049-001,1109,15:00,15:55
PHY2049,PHY2049-002,42,10:40,11:30
PHY2049,PHY2049-003,1021,15:00,16:45
IDS2935,IDS2935-001,1028,15:00,16:45
IDS2935,IDS2935-002,1122,12:50,13:45
IDS2935,IDS2935-003,1088,09:35,10:25
IDS2935,IDS2935-004,1159,11:45,12:35
CEN3031,CEN3031-001,34,09:35,11:30
CEN3031,CEN3031-002,46,16:05,18:00
CIS4301,CIS4301-001,1201,08:30,09:25
CIS4301,CIS4301-002,1093,12:50,13:45
CIS4301,CIS4301-003,1165,10:40,12:25
MAS3114,MAS3114-001,35,15:00,16:45
MAS3114,MAS3114-002,1030,16:05,18:00
ENC3246,ENC3246-001,34,10:40,11:35
ENC3246,ENC3246-002,46,11:45,12:35
ENC3246,ENC3246-003,1028,12:50,13:40
COP4600,COP4600-001,33,16:05,18:00
COP4600,COP4600-002,1044,16:05,18:00
COP4600,COP4600-003,1158,12:50,13:40
COP4600,COP4600-004,45,10:40,11:30
STA3032,STA3032-001,1165,08:30,10:15
STA3032,STA3032-002,1066,11:45,12:35
STA3032,STA3032-003,34,10:40,11:30
STA3032,STA3032-004,1019,08:30,09:20
COP4020,COP4020-001,26,08:30,10:25
COP4020,COP4020-002,1147,16:05,16:55
COP4020,COP4020-003,1166,16:05,16:55
COP4020,COP4020-004,38,15:00,15:55
COP4533,COP4533-001,49,10:40,12:25
COP4533,COP4533-002,1121,09:35,11:20
COP4533,COP4533-003,1001,15:00,15:50
COP4533,COP4533-004,1110,15:00,16:55
CNT4007,CNT4007-001,1127,12:50,13:45
CNT4007,CNT4007-002,36,09:35,10:25
CNT4007,CNT4007-003,22,10:40,11:30
EEL3701,EEL3701-001,1178,09:35,11:20
EEL3701,EEL3701-002,1013,08:30,09:20
EEL3701,EEL3701-003,21,09:35,10:25
EEL3701,EEL3701-004,11,16:05,16:55
EEL4744,EEL4744-001,1160,09:35,10:25
EEL4744,EEL4744-002,1147,09:35,11:20
EEL3111,EEL3111-001,1194,12:50,13:45
EEL3111,EEL3111-002,1020,16:05,17:00
EEL4712,EEL4712-001,55,08:30,09:20
EEL4712,EEL4712-002,1124,10:40,11:35
EEL4712,EEL4712-003,1114,11:45,13:40
CEN4907,CEN4907-001,31,08:30,09:25
CEN4907,CEN4907-002,1072,16:05,16:55
EEL3135,EEL3135-001,56,09:35,11:20
EEL3135,EEL3135-002,1129,09:35,10:30
ENC1101,ENC1101-001,1035,11:45,12:35
ENC1101,ENC1101-002,25,11:45,13:30
ENC1102,ENC1102-001,17,15:00,16:45
ENC1102,ENC1102-002,4,08:30,09:20
CHM2045,CHM2045-001,1113,11:45,12:40
CHM2045,CHM2045-002,1006,16:05,17:00
CHM2095,CHM2095-001,49,11:45,12:35
CHM2095,CHM2095-002,1107,10:40,11:35
